<?xml version="1.0"?>
<!DOCTYPE hibernate-mapping PUBLIC "-//Hibernate/Hibernate Mapping DTD 3.0//EN"
"http://www.hibernate.org/dtd/hibernate-mapping-3.0.dtd">
<!-- Generated 5 dic. 2023 21:42:39 by Hibernate Tools 4.3.1 -->
<hibernate-mapping>
    <class name="pojos.Equipo" table="equipo" catalog="torneo" optimistic-lock="version">
        <id name="idEquipo" type="java.lang.Integer">
            <column name="idEquipo" />
            <generator class="identity" />
        </id>
        <property name="nombre" type="string">
            <column name="Nombre" length="45" not-null="true" />
        </property>
        <property name="titulares" type="java.lang.Integer">
            <column name="Titulares" />
        </property>
        <property name="suplentes" type="java.lang.Integer">
            <column name="Suplentes" />
        </property>
        <property name="directorTecnico" type="string">
            <column name="DirectorTecnico" length="45" />
        </property>
        <property name="puntos" type="java.lang.Integer">
            <column name="Puntos" />
        </property>
        <property name="partidosJugados" type="java.lang.Integer">
            <column name="PartidosJugados" />
        </property>
        <property name="golesUltimaFecha" type="java.lang.Integer">
            <column name="GolesUltimaFecha" />
        </property>
    </class>
</hibernate-mapping>
